{
    "eventDetails":[
        {
            "href":"one",
            "id":"eventid1",
            "title": "Environmental Awareness",
            "description": "To create Environmental Awareness for people and make changes to environmental changes",
            "date":"25-Jan-2019",
            "time":"09:00 AM - 12:00 PM",
            "volunteersRequired":4,
            "status":"Inprogress",
            "registeration":"Register",
            "url":"assets/img/environmentalAwareness.jpg"
          },
          {
            "href":"two",
            "id":"eventid2",
            "title": "Teaching",
            "description": "Teaching",
            "date":"25-Jan-2019",
            "time":"09:00 AM - 12:00 PM",
            "volunteersRequired":3,
            "status":"Inprogress",
            "registeration":"Register",
            "url":"assets/img/Teaching.jpg"
          },
          {
            "href":"three",
            "id":"eventid3",
            "title": "Old Age",
            "description":"Old Age",
            "date":"25-Jan-2019",
            "time":"09:00 AM - 12:00 PM",
            "volunteersRequired":10,
            "status":"Inprogress",
            "registeration":"UnRegister",
            "url":"assets/img/oldAge.jpg"
          },
          {
            "href":"four",
            "id":"eventid4",
            "title": "Environmental Awareness",
            "description":"Environmental Awareness",
            "date":"25-Jan-2019",
            "time":"09:00 AM - 12:00 PM",
            "volunteersRequired":4,
            "status":"Inprogress",
            "registeration":"Register",
            "url":"assets/img/environmentalAwareness.jpg"
          },
          {
            "href":"five",
            "id":"eventid5",
            "title": "Teaching",
            "description":"Teaching",
            "date":"25-Jan-2019",
            "time":"09:00 AM - 12:00 PM",
            "volunteersRequired":3,
            "status":"Inprogress",
            "registeration":"Register",
            "url":"assets/img/Teaching.jpg"
          },
          {
            "href":"six",
            "id":"eventid6",
            "title": "Old Age",
            "description":"Old Age",
            "date":"25-Jan-2019",
            "time":"09:00 AM - 12:00 PM",
            "volunteersRequired":10,
            "status":"Inprogress",
            "registeration":"UnRegister",
            "url":"assets/img/oldAge.jpg"
          }
    ]
}